{"img_names": ["0.png", "1.png", "10.png", "11.png", "12.png", "13.png", "2.png", "3.png", "4.png", "5.png", "6.png", "7.png", "8.png", "9.png"], "Z": [[196.894836039641, 80.76787691730786], [-27.332147490015057, -174.23724656130847], [42.216993159803714, -67.548969041584], [-146.23635974746463, -130.79318157488208], [-92.72148966252352, 50.584433076879606], [103.75980224623547, 19.764538318960366], [180.2714399182649, -68.38909023563181], [86.34478289414554, 153.62413582439294], [-192.55217451322838, -9.906136285952652], [-60.87375572608883, -51.380103487466016], [99.16276954614122, -169.28561764281878], [8.933745799497357, 56.94384509587683], [-162.70777938099226, 137.17285801719524], [-35.160663083416416, 172.68265757903097]], "img_res": 48, "img_count_limit": 0}